epoch,steps,cosine_pearson,cosine_spearman
1.0,89,0.2776117094036371,0.283863308074643
1.0,89,0.4145618623586346,0.41417913900131464
1.0,89,0.4554257853295445,0.44944960766958686
1.0,89,0.4708797710578393,0.4624195497877091
1.0,89,0.47164185016921933,0.46182782353279705
1.0,89,0.4734453237674522,0.46300640683781713
1.0,89,0.4721089607518336,0.46203042567284497
1.0,89,0.46369000999098975,0.4513988297298571
1.0,89,0.4614020038586425,0.44961073815350944
